{"Snow": 163.67721478030157, "Light Rain Showers": 156.96913220733839, "Heavy Thunderstorms and Rain": 141.54054228952307, "Thunderstorms with Small Hail": 140.86973403222675, "Light Ice Pellets": 140.86973403222675, "Thunderstorm": 127.60263738792179, "Light Thunderstorms and Rain": 126.24885201605393, "Haze": 124.13087378006628, "Unknown": 115.57067975705134, "Rain": 107.30658190445166, "Light Rain": 104.22049290505748, "Scattered Clouds": 103.00028332477977, "Heavy Rain": 101.41782339998706, "Mostly Cloudy": 100.0, "Light Snow": 99.659235891541186, "Light Drizzle": 93.41523649029547, "Squalls": 92.571539506891867, "Light Freezing Rain": 88.841191149244054, "Ice Pellets": 88.546689963113963, "Partly Cloudy": 84.043018728121126, "Mist": 77.545434543454348, "Overcast": 74.753130372588132, "Light Freezing Drizzle": 70.434867016113373, "Thunderstorms and Rain": 68.422442244224428, "Fog": 65.062072577957025, "Heavy Snow": 60.738638569739337, "Clear": 57.681994068578057, "Shallow Fog": 44.273344981556981, "Patches of Fog": 39.673516931525086, "Blowing Snow": 34.882029379408529}