{
   "2":[
      [
         -122.41771519,
         37.78740293
      ],
      [
         -122.41829076,
         37.76059012
      ]
   ],
   "3":[
      [
         -122.41565475,
         37.76154985
      ],
      [
         -122.41771969,
         37.78759671
      ],
      [
         -122.47831658,
         37.74518815
      ]
   ],
   "4":[
      [
         -122.41771794,
         37.78759954
      ],
      [
         -122.41562085,
         37.76167551
      ],
      [
         -122.45730222,
         37.71961699
      ],
      [
         -122.48642315,
         37.75842179
      ]
   ],
   "5":[
      [
         -122.41873463,
         37.78764477
      ],
      [
         -122.41582816,
         37.76146367
      ],
      [
         -122.45730222,
         37.71961699
      ],
      [
         -122.48642315,
         37.75842179
      ],
      [
         -122.40529189,
         37.78518427
      ]
   ],
   "6":[
      [
         -122.41873463,
         37.78764477
      ],
      [
        -122.4052441,
        37.78512395
      ],
      [
        -122.41598914,
        37.76172676
      ],
      [
         -122.4621254,
         37.72049778
      ],
      [
         -122.48647474,
         37.75851639
      ],
      [
        -122.40404379,
        37.72773672
      ]
   ]
}
