{"Snow": 1382.6666666666667, "Light Rain Showers": 1326.0, "Heavy Thunderstorms and Rain": 1195.6666666666667, "Thunderstorms with Small Hail": 1190.0, "Light Ice Pellets": 1190.0, "Thunderstorm": 1077.9259259259259, "Light Thunderstorms and Rain": 1066.4897959183672, "Haze": 1048.5981308411215, "Unknown": 976.28571428571433, "Rain": 906.47457627118649, "Light Rain": 880.40477544059127, "Scattered Clouds": 870.0970297029703, "Heavy Rain": 856.72916666666663, "Mostly Cloudy": 844.75207408836582, "Light Snow": 841.87346221441123, "Light Drizzle": 789.12714776632299, "Squalls": 782.0, "Light Freezing Rain": 750.48780487804879, "Ice Pellets": 748.0, "Partly Cloudy": 709.95514383227692, "Mist": 655.06666666666672, "Overcast": 631.47861926841836, "Light Freezing Drizzle": 595.0, "Thunderstorms and Rain": 578.0, "Fog": 549.61320754716985, "Heavy Snow": 513.09090909090912, "Clear": 487.26984126984127, "Shallow Fog": 374.0, "Patches of Fog": 335.14285714285717, "Blowing Snow": 294.66666666666669}